id;photo;photo_content_type;name;address;account_number;father_name;spouse_name;successor_name;aadhar;pan;aadhar_image;aadhar_image_content_type;pan_image;pan_image_content_type;account_no;acc_no_image;acc_no_image_content_type
1;../fake-data/blob/hipster.png;image/png;navigate;radical info-mediaries Implemented;auxiliary Sterling copying;Beauty parse;Shoes Iran;FTP Integration Infrastructure;reboot;Borders parsing e-tailers;../fake-data/blob/hipster.png;image/png;../fake-data/blob/hipster.png;image/png;Associate protocol;../fake-data/blob/hipster.png;image/png
2;../fake-data/blob/hipster.png;image/png;feed;haptic maximized;reboot payment;connect Architect payment;capacitor;visualize;turn-key connect National;Realigned XML Sausages;../fake-data/blob/hipster.png;image/png;../fake-data/blob/hipster.png;image/png;Investor Ergonomic;../fake-data/blob/hipster.png;image/png
3;../fake-data/blob/hipster.png;image/png;Cambridgeshire;partnerships;Technician protocol monetize;Berkshire matrix Iowa;partnerships quantifying;optical RAM;Nebraska Bedfordshire;copy;../fake-data/blob/hipster.png;image/png;../fake-data/blob/hipster.png;image/png;lime Sausages Avon;../fake-data/blob/hipster.png;image/png
4;../fake-data/blob/hipster.png;image/png;cutting-edge Tools SDR;Cambridgeshire;Future Car;Liaison;Analyst;bluetooth Frozen;web-enabled background;Chicken Executive Berkshire;../fake-data/blob/hipster.png;image/png;../fake-data/blob/hipster.png;image/png;multi-byte invoice;../fake-data/blob/hipster.png;image/png
5;../fake-data/blob/hipster.png;image/png;impactful;Africa Rubber Tools;hack;payment Market Convertible;Analyst Tasty generate;Assimilated Awesome Chief;niches card;purple;../fake-data/blob/hipster.png;image/png;../fake-data/blob/hipster.png;image/png;Optimization;../fake-data/blob/hipster.png;image/png
6;../fake-data/blob/hipster.png;image/png;firewall;Pants Rustic;Generic Synchronised;engineer;Investment application;Program Hawaii;Carolina;Loan Market Administrator;../fake-data/blob/hipster.png;image/png;../fake-data/blob/hipster.png;image/png;Senior Legacy;../fake-data/blob/hipster.png;image/png
7;../fake-data/blob/hipster.png;image/png;green explicit purple;lime;Frozen Yuan;calculating Stravenue;ivory Lodge circuit;drive;Soft Wooden Dynamic;Liechtenstein Florida;../fake-data/blob/hipster.png;image/png;../fake-data/blob/hipster.png;image/png;reinvent;../fake-data/blob/hipster.png;image/png
8;../fake-data/blob/hipster.png;image/png;Future Fresh;Refined;Market bluetooth Versatile;TCP Wooden;solution Euro deposit;Parkway Fresh;Bike;JSON Interactions Stand-alone;../fake-data/blob/hipster.png;image/png;../fake-data/blob/hipster.png;image/png;Sports;../fake-data/blob/hipster.png;image/png
9;../fake-data/blob/hipster.png;image/png;Pizza Manor purple;Ergonomic Germany;cross-media;fresh-thinking copy HDD;responsive Checking database;Somali Incredible withdrawal;Granite;Salad policy invoice;../fake-data/blob/hipster.png;image/png;../fake-data/blob/hipster.png;image/png;administration overriding Monetary;../fake-data/blob/hipster.png;image/png
10;../fake-data/blob/hipster.png;image/png;Hawaii Berkshire;monetize;input;invoice;Checking bluetooth;metrics back;grey Plastic synthesize;violet;../fake-data/blob/hipster.png;image/png;../fake-data/blob/hipster.png;image/png;plug-and-play blockchains Romania;../fake-data/blob/hipster.png;image/png
