id;name;ifsc;address
1;Coordinator synthesize;Account Finland;Rubber firmware engineer
2;Fantastic copy;and Specialist;Soft withdrawal client-driven
3;clicks-and-mortar Solomon;Ports;human-resource
4;matrix Internal demand-driven;Chips;payment
5;De-engineered Berkshire Tennessee;orange Agent;calculate Lebanon Tasty
6;Lead TCP;transmitting Concrete;Berkshire Estate
7;EXE green;infomediaries withdrawal;responsive Burgs
8;recontextualize;Account incubate AI;Bacon
9;Profit-focused;Brand;back-end feed
10;HDD;TCP Rustic Liaison;South alarm Pass
