id;remarks;documents;documents_content_type;hissa_type;project_id;land_id
1;Vermont New workforce;../fake-data/blob/hipster.png;image/png;SINGLE_OWNER;1;1
2;Licensed copying;../fake-data/blob/hipster.png;image/png;DIVIDED;2;2
3;unleash white;../fake-data/blob/hipster.png;image/png;DIVIDED;3;3
4;Account Nebraska best-of-breed;../fake-data/blob/hipster.png;image/png;DIVIDED;4;4
5;Point;../fake-data/blob/hipster.png;image/png;DIVIDED;5;5
6;Strategist magnetic archive;../fake-data/blob/hipster.png;image/png;SINGLE_OWNER;6;6
7;Global Forward Frozen;../fake-data/blob/hipster.png;image/png;DIVIDED;7;7
8;Guam B2B;../fake-data/blob/hipster.png;image/png;JOINT_OWNER;8;8
9;bluetooth holistic Auto;../fake-data/blob/hipster.png;image/png;SINGLE_OWNER;9;9
10;Implementation Global;../fake-data/blob/hipster.png;image/png;SINGLE_OWNER;10;10
